"","Site","lambda","ID1","lat","long","el","lower","upper"
"1","CALAPOOIA",1.30301962634615,5,44.359642,-122.842903,146,1.23745295968209,1.58608215521162
"2","COAST",1.33731969669001,3,43.6517,-123.087967,260,1.29541578570034,1.69037519491939
"3","HUNTER",0.200857823049325,8,44.922787,-123.327316,101,0.118367421058444,0.708248563966594
"4","LOOK",0.312662865421581,9,43.144088,-123.475052,176,0.170675791685019,0.587551716495835
"5","MOSBY",0.916727204544141,4,43.721298,-122.976311,243,0.83246270120318,1.09984585422926
"6","ROCK",0.603537943260907,1,43.37876,-122.952072,326,0.504679253026378,0.850942362373697
"7","THOMAS",2.41343572246477,7,44.711785,-122.61087,229,2.6285877563322,2.66656046089398
"8","WILEY",1.10981914178498,6,44.412022,-122.675446,176,0.864054621018577,2.29317674911858
